{
  "problem": {
    "type": "synthetic_image_classifier",
    "image_size": 8,
    "threshold": 0.75,
    "initial_confidence": 0.9999649955375166,
    "fully_masked_confidence": 0.01798620996209156
  },
  "methods": {
    "original_sis": {
      "runtime": 0.005138699999999996,
      "model_call_count": 128,
      "individual_model_evaluations": 3974,
      "subset_size": 7,
      "sufficiency_score": 0.999718472821673,
      "threshold_met": true,
      "n_sis": 2,
      "stability_score": 0.8333333333333334,
      "speedup_percentage_against_baseline": 0.0
    },
    "shap_guided_sis": {
      "runtime": 0.0015758999999999912,
      "model_call_count": 19,
      "individual_model_evaluations": 142,
      "subset_size": 7,
      "sufficiency_score": 0.999718472821673,
      "threshold_met": true,
      "n_sis": 2,
      "diagnostics": {
        "runtime": 0.0015758999999999912,
        "model_call_count": 19,
        "individual_model_evaluations": 142,
        "selected_feature_count": 7,
        "subset_size": 7,
        "sufficiency_score": 0.9308615796566533,
        "threshold": 0.75,
        "threshold_met": true,
        "n_sis": 2,
        "importance_method": "perturbation",
        "batch_size": 64,
        "max_candidates": null,
        "per_sis": [
          {
            "starting_score": 0.9999649955375166,
            "threshold": 0.75,
            "threshold_met": true,
            "importance_method": "perturbation",
            "sufficiency_score": 0.9308615796566533,
            "selected_feature_count": 3,
            "selected_group_count": 3,
            "candidate_limit_hit": false,
            "importance_scores": [
              0.0,
              0.0,
              0.0,
              0.0,
              0.0,
              0.0,
              0.0,
              0.0,
              0.0,
              0.00028082256459438515,
              0.00028082256459438515,
              0.0,
              0.0,
              0.0,
              0.0,
              0.0,
              0.0,
              0.00028082256459438515,
              0.00028082256459438515,
              0.0,
              0.0,
              0.0,
              0.0,
              0.0,
              0.0,
              0.0,
              0.0,
              0.0,
              2.1564133376728023e-05,
              0.0,
              0.0,
              0.0,
              0.0,
              0.0,
              0.0,
              2.1564133376728023e-05,
              0.0,
              0.0,
              0.0,
              0.0,
              0.0,
              0.0,
              0.0,
              0.0,
              0.0,
              7.280902200468287e-05,
              7.280902200468287e-05,
              0.0,
              0.0,
              0.0,
              0.0,
              0.0,
              0.0,
              7.280902200468287e-05,
              7.280902200468287e-05,
              0.0,
              0.0,
              0.0,
              0.0,
              0.0,
              0.0,
              0.0,
              0.0,
              0.0
            ],
            "ranking": [
              9,
              10,
              17,
              18,
              45,
              46,
              53,
              54,
              28,
              35,
              0,
              1,
              2,
              3,
              4,
              5,
              6,
              7,
              8,
              11,
              12,
              13,
              14,
              15,
              16,
              19,
              20,
              21,
              22,
              23,
              24,
              25,
              26,
              27,
              29,
              30,
              31,
              32,
              33,
              34,
              36,
              37,
              38,
              39,
              40,
              41,
              42,
              43,
              44,
              47,
              48,
              49,
              50,
              51,
              52,
              55,
              56,
              57,
              58,
              59,
              60,
              61,
              62,
              63
            ],
            "importance_batch_calls": 0,
            "importance_individual_evaluations": 0,
            "model_call_count": 8,
            "individual_model_evaluations": 71
          },
          {
            "starting_score": 0.9749130378465203,
            "threshold": 0.75,
            "threshold_met": true,
            "importance_method": "perturbation",
            "sufficiency_score": 0.8284952300245991,
            "selected_feature_count": 4,
            "selected_group_count": 4,
            "candidate_limit_hit": false,
            "importance_scores": [
              0.0,
              0.0,
              0.0,
              0.0,
              0.0,
              0.0,
              0.0,
              0.0,
              0.0,
              0.0,
              0.0,
              0.0,
              0.0,
              0.0,
              0.0,
              0.16338036306033954,
              0.0,
              0.0,
              0.0,
              0.0,
              0.0,
              0.0,
              0.0,
              0.0,
              0.0,
              0.014838371799334227,
              0.0,
              0.0,
              0.0,
              0.0,
              0.0,
              0.0,
              0.014838371799334005,
              0.0,
              0.0,
              0.0,
              0.0,
              0.0,
              0.0,
              0.0,
              0.0,
              0.0,
              0.04835372220501877,
              0.04835372220501877,
              0.0,
              0.0,
              0.0,
              0.0,
              0.0,
              0.0,
              0.04835372220501877,
              0.04835372220501877,
              0.0,
              0.0,
              0.0,
              0.0,
              0.0,
              0.0,
              0.0,
              0.0,
              0.0
            ],
            "ranking": [
              15,
              42,
              43,
              50,
              51,
              25,
              32,
              0,
              1,
              2,
              3,
              4,
              5,
              6,
              7,
              8,
              9,
              10,
              11,
              12,
              13,
              14,
              16,
              17,
              18,
              19,
              20,
              21,
              22,
              23,
              24,
              26,
              27,
              28,
              29,
              30,
              31,
              33,
              34,
              35,
              36,
              37,
              38,
              39,
              40,
              41,
              44,
              45,
              46,
              47,
              48,
              49,
              52,
              53,
              54,
              55,
              56,
              57,
              58,
              59,
              60
            ],
            "importance_batch_calls": 0,
            "importance_individual_evaluations": 0,
            "model_call_count": 10,
            "individual_model_evaluations": 70
          },
          {
            "starting_score": 0.12842016947472976,
            "threshold": 0.75,
            "threshold_met": false,
            "importance_method": "perturbation",
            "sufficiency_score": 0.12842016947472976,
            "selected_feature_count": 0,
            "model_call_count": 1,
            "individual_model_evaluations": 1
          }
        ],
        "baseline_runtime": 0.005138699999999996,
        "baseline_model_evaluations": 3974,
        "estimated_runtime_speedup_pct": 69.3327106077414,