{
  "dataset": "sklearn_digits",
  "target": 7,
  "initial_confidence": 0.9996271886016037,
  "threshold": 0.8496831103113631,
  "baseline_subset_size": 8,
  "shap_guided_subset_size": 8,
  "probabilistic_mean_subset_size": 8.0,
  "hierarchical_final_subset_size": 3,
  "shap_guided_diagnostics": {
    "runtime": 0.0035522999999999527,
    "model_call_count": 29,
    "individual_model_evaluations": 152,
    "selected_feature_count": 8,
    "subset_size": 8,
    "sufficiency_score": 0.8767341616890758,
    "threshold": 0.8496831103113631,
    "threshold_met": true,
    "n_sis": 2,
    "importance_method": "perturbation",
    "batch_size": 64,
    "max_candidates": null,
    "per_sis": [
      {
        "starting_score": 0.9996271886016037,
        "threshold": 0.8496831103113631,
        "threshold_met": true,
        "importance_method": "perturbation",
        "sufficiency_score": 0.8767341616890758,
        "selected_feature_count": 3,
        "selected_group_count": 5,
        "candidate_limit_hit": false,
        "importance_scores": [
          0.0,
          0.0,
          2.7765336224172543e-05,
          0.0002453727593428878,
          0.00015171739129848927,
          0.0007214811212782335,
          0.0009078928124245378,
          7.488143823042304e-05,
          0.0,
          0.0,
          9.205719125426892e-05,
          0.00023328053646676228,
          0.0008838003808092632,
          0.00010679548813830042,
          0.00018943621769695884,
          3.9826229648931566e-05,
          0.0,
          0.0,
          0.0,
          0.0,
          0.0,
          0.00024406871565318955,
          0.0001857611993466568,
          0.0,
          0.0,
          0.0,
          6.919372266267487e-06,
          0.0,
          -1.5333320287913565e-06,
          0.0018083509564363887,
          4.294836076490505e-05,
          0.0,
          0.0,
          0.0,
          0.0004548916889766108,
          0.00020021807107917233,
          0.000464232268271747,
          0.0011618540037070524,
          0.00016798505767445793,
          0.0,
          0.0,
          0.0,
          0.00016519719253094145,
          0.0012310788158644836,
          0.0003081536894182779,
          -3.451185407710167e-05,
          -1.2899523713971739e-05,
          0.0,
          0.0,
          0.0,
          -7.285418146318889e-06,
          0.0002637130836166124,
          -0.0001708997570206705,
          0.0,
          0.0,
          0.0,
          0.0,
          0.0,
          4.1973199765621416e-05,
          -0.00016301668450469098,
          -7.374528089132415e-05,
          0.0,
          0.0,
          0.0
        ],
        "ranking": [
          29,
          43,
          37,
          6,
          12,
          5,
          36,
          34,
          44,
          51,
          3,
          21,
          11,
          35,
          14,
          22,
          38,
          42,
          4,
          13,
          10,
          7,
          30,
          58,
          15,
          2,
          26,
          0,
          1,
          8,
          9,
          16,
          17,
          18,
          19,
          20,
          23,
          24,
          25,
          27,
          31,
          32,
          33,
          39,
          40,
          41,
          47,
          48,
          49,
          53,
          54,
          55,
          56,
          57,
          61,
          62,
          63,
          28,
          50,
          46,
          45,
          60,
          59,
          52
        ],
        "importance_batch_calls": 0,
        "importance_individual_evaluations": 0,
        "model_call_count": 12,
        "individual_model_evaluations": 75
      },
      {
        "starting_score": 0.9817479602631136,
        "threshold": 0.8496831103113631,
        "threshold_met": true,
        "importance_method": "perturbation",
        "sufficiency_score": 0.867148212831918,
        "selected_feature_count": 5,
        "selected_group_count": 7,
        "candidate_limit_hit": false,
        "importance_scores": [
          0.0,
          0.0,
          0.002334287205726926,
          0.017981518299593158,
          0.0073442314746707815,
          0.03858708536289568,
          0.0032290713935054782,
          0.0,
          0.0,
          0.006024286440221571,
          0.014397006976025528,
          0.005991260310421187,
          0.007852733372094467,
          0.001832319314394093,
          0.0,
          0.0,
          0.0,
          0.0,
          0.0,
          0.009067108751768083,
          0.0077142457007446374,
          0.0,
          0.0,
          0.0,
          0.00010503942256667731,
          0.0,
          -0.001230932014078201,
          0.0020583139243002258,
          0.0,
          0.0,
          0.0,
          0.015341953142917752,
          0.005825347665653902,
          0.007630584671672658,
          0.04135228028214066,
          0.007978086528513617,
          0.0,
          0.0,
          0.0,
          0.007838816953166017,
          0.05955958124417238,
          0.0034607326686504347,
          -0.006576482396075334,
          -0.0009563456119466851,
          0.0,
          0.0,
          0.0,
          -0.00026063638679918455,
          0.020622898066987472,
          -0.007042417764241082,
          0.0,
          0.0,
          0.0,
          0.0,
          0.0,
          0.004079614632839568,
          -0.006126903938741601,
          -0.0035670047591725984,
          0.0,
          0.0,
          0.0
        ],
        "ranking": [
          40,
          34,
          5,
          48,
          3,
          31,
          10,
          19,
          35,
          12,
          39,
          20,
          33,
          4,
          9,
          11,
          32,
          55,
          41,
          6,
          2,
          27,
          13,
          24,
          0,
          1,
          7,
          8,
          14,
          15,
          16,
          17,
          18,
          21,
          22,
          23,
          25,
          28,
          29,
          30,
          36,
          37,
          38,
          44,
          45,
          46,
          50,
          51,
          52,
          53,
          54,
          58,
          59,
          60,
          47,
          43,
          26,
          57,
          56,
          42,
          49
        ],
        "importance_batch_calls": 0,
        "importance_individual_evaluations": 0,
        "model_call_count": 16,
        "individual_model_evaluations": 76
      },
      {
        "starting_score": 0.5473115051021148,
        "threshold": 0.8496831103113631,
        "threshold_met": false,
        "importance_method": "perturbation",
        "sufficiency_score": 0.5473115051021148,
        "selected_feature_count": 0,
        "model_call_count": 1,
        "individual_model_evaluations": 1
      }
    ],
    "baseline_runtime": null,
    "baseline_model_evaluations": null,
    "estimated_runtime_speedup_pct": null,
    "estimated_evaluation_reduction_pct": null
  },
  "probabilistic_confidence_summary": {
    "mean_sufficiency_score": 0.9905006759444842,
    "min_sufficiency_score": 0.9905006759444842,
    "threshold": 0.8496831103113631,
    "threshold_met_rate": 1.0,
    "mean_inclusion_probability": 0.125,
    "max_inclusion_probability": 1.0
  },
  "hierarchical_diagnostics": {
    "levels": [
      2,
      4,
      8
    ],
    "mode": "pixel",
    "min_region_size": 1,
    "use_shap_guidance": true,
    "return_tree": true,
    "model_call_count": 22,
    "individual_model_evaluations": 39,
    "n_levels_returned": 3,
    "fallback_notes": []
  },
  "stability": {
    "mean_explanation_drift": 0.022222222222222233,
    "mean_confidence_retention": 0.9999409539510322
  },